district_code,district_name,ela_pre,econ_disadvantaged,dfg,dfg_rank,ela_post,recovery_change,below_goal_2024,gap_to_goal
0010,ABSECON CITY,54.166666666666664,46.3,CD,3.0,49.1,-5.066666666666663,True,30.9
0020,ALEXANDRIA TWP,65.33333333333333,6.9,GH,6.0,56.3,-9.033333333333331,True,23.700000000000003
0030,ALLAMUCHY TWP,53.833333333333336,7.3,I,7.0,48.9,-4.933333333333337,True,31.1
0040,ALLENDALE BORO,89.66666666666667,0.6,I,7.0,83.8,-5.866666666666674,False,-3.799999999999997
0060,ALLOWAY TWP,58.333333333333336,15.0,DE,4.0,49.7,-8.633333333333333,True,30.299999999999997
0070,ALPHA BORO,56.166666666666664,35.5,B,2.0,48.6,-7.566666666666663,True,31.4
0080,ALPINE BORO,92.0,0.0,I,7.0,87.5,-4.5,False,-7.5
0090,ANDOVER REG,52.0,12.9,FG,5.0,74.0,22.0,True,6.0
0100,ASBURY PARK CITY,17.0,50.0,A,1.0,14.5,-2.5,True,65.5
0110,ATLANTIC CITY,29.22222222222222,92.6,A,1.0,33.2,3.9777777777777814,True,46.8
0130,ATLANTIC HIGHLANDS BORO,77.25,9.5,GH,6.0,56.3,-20.950000000000003,True,23.700000000000003
0150,AUDUBON BORO,52.22222222222222,22.7,DE,4.0,61.6,9.37777777777778,True,18.4
0170,AVALON BORO,80.0,0.0,FG,5.0,78.8,-1.2000000000000028,True,1.2000000000000028
0180,AVON BORO,77.66666666666667,13.6,I,7.0,74.2,-3.4666666666666686,True,5.799999999999997
0185,BARNEGAT TWP,51.0,33.6,CD,3.0,44.4,-6.600000000000001,True,35.6
0190,BARRINGTON BORO,55.666666666666664,23.4,FG,5.0,51.7,-3.9666666666666615,True,28.299999999999997
0210,BAY HEAD BORO,81.2,0.0,I,7.0,70.1,-11.100000000000009,True,9.900000000000006
0220,BAYONNE CITY,56.888888888888886,56.8,CD,3.0,52.1,-4.788888888888884,True,27.9
0240,BEDMINSTER TWP,74.33333333333333,8.4,I,7.0,69.3,-5.033333333333331,True,10.700000000000003
0250,BELLEVILLE TOWN,45.44444444444444,56.0,CD,3.0,40.3,-5.144444444444446,True,39.7
0260,BELLMAWR BORO,53.5,49.0,B,2.0,58.1,4.600000000000001,True,21.9
0270,BELMAR BORO,59.166666666666664,59.1,DE,4.0,58.8,-0.36666666666666714,True,21.200000000000003
0280,BELVIDERE TOWN,44.0,14.9,DE,4.0,26.9,-17.1,True,53.1
0300,BERGENFIELD BORO,67.0,35.9,FG,5.0,63.0,-4.0,True,17.0
0310,BERKELEY HEIGHTS TWP,69.88888888888889,1.8,I,7.0,76.0,6.111111111111114,True,4.0
0320,BERKELEY TWP,50.5,33.7,B,2.0,42.9,-7.600000000000001,True,37.1
0330,BERLIN BORO,59.833333333333336,15.8,DE,4.0,55.5,-4.333333333333336,True,24.5
0340,BERLIN TWP,54.0,9.8,CD,3.0,40.8,-13.200000000000003,True,39.2
0350,BERNARDS TWP,79.11111111111111,1.5,J,8.0,83.9,4.788888888888891,False,-3.9000000000000057
0370,BETHLEHEM TWP,71.66666666666667,4.5,I,7.0,49.6,-22.06666666666667,True,30.4
0380,BEVERLY CITY,53.833333333333336,40.5,B,2.0,45.5,-8.333333333333336,True,34.5
0390,BLACK HORSE PIKE REGIONAL,36.0,32.4,DE,4.0,44.0,8.0,True,36.0
0400,BLAIRSTOWN TWP,50.25,17.6,FG,5.0,38.8,-11.450000000000003,True,41.2
0410,BLOOMFIELD TWP,53.111111111111114,39.5,DE,4.0,55.4,2.2888888888888843,True,24.6
0420,BLOOMINGDALE BORO,66.33333333333333,24.5,FG,5.0,56.1,-10.233333333333327,True,23.9
0430,BLOOMSBURY BORO,64.0,27.4,GH,6.0,42.1,-21.9,True,37.9
0440,BOGOTA BORO,67.22222222222223,48.5,DE,4.0,59.2,-8.022222222222226,True,20.799999999999997
0450,BOONTON TOWN,60.111111111111114,30.4,FG,5.0,67.9,7.788888888888891,True,12.099999999999994
0460,BOONTON TWP,87.5,2.1,I,7.0,79.6,-7.900000000000006,True,0.4000000000000057
0475,BORDENTOWN REGIONAL,49.22222222222222,20.9,FG,5.0,48.0,-1.2222222222222214,True,32.0
0490,BOUND BROOK BORO,30.77777777777778,71.9,B,2.0,32.5,1.7222222222222214,True,47.5
0500,BRADLEY BEACH BORO,45.2,67.8,CD,3.0,50.9,5.699999999999996,True,29.1
0510,BRANCHBURG TWP,69.0,6.2,I,7.0,66.7,-2.299999999999997,True,13.299999999999997
0530,BRICK TWP,54.666666666666664,31.5,DE,4.0,48.8,-5.866666666666667,True,31.200000000000003
0540,BRIDGETON CITY,22.666666666666668,89.8,A,1.0,12.5,-10.166666666666668,True,67.5
0555,BRIDGEWATER-RARITAN REG,73.77777777777777,9.4,I,7.0,69.5,-4.2777777777777715,True,10.5
0560,BRIELLE BORO,82.16666666666667,5.0,GH,6.0,74.4,-7.766666666666666,True,5.599999999999994
0570,BRIGANTINE CITY,46.666666666666664,50.7,CD,3.0,50.5,3.8333333333333357,True,29.5
0580,BROOKLAWN BORO,37.833333333333336,59.6,B,2.0,44.1,6.266666666666666,True,35.9
0590,BUENA REGIONAL,28.77777777777778,50.1,A,1.0,31.6,2.822222222222223,True,48.4
0600,BURLINGTON CITY,40.55555555555556,57.4,B,2.0,32.8,-7.75555555555556,True,47.2
0620,BURLINGTON TWP,52.44444444444444,24.9,FG,5.0,42.6,-9.844444444444441,True,37.4
0630,BUTLER BORO,63.0,21.4,DE,4.0,60.5,-2.5,True,19.5
0640,BYRAM TWP,62.333333333333336,6.3,I,7.0,62.5,0.1666666666666643,True,17.5
0660,CALDWELL-WEST CALDWELL,67.66666666666667,7.5,I,7.0,65.8,-1.8666666666666742,True,14.200000000000003
0670,CALIFON BORO,81.5,0.0,I,7.0,58.2,-23.299999999999997,True,21.799999999999997
0680,CAMDEN CITY,13.875,56.3,A,1.0,12.6,-1.2750000000000004,True,67.4
0710,CAPE MAY CITY,65.66666666666667,50.3,CD,3.0,49.1,-16.56666666666667,True,30.9
0740,CARLSTADT BORO,61.5,27.6,DE,4.0,57.7,-3.799999999999997,True,22.299999999999997
0745,CARLSTADT-EAST RUTHERFORD,54.333333333333336,32.5,CD,3.0,62.4,8.066666666666663,True,17.6
0750,CARTERET BORO,47.55555555555556,70.1,B,2.0,40.2,-7.355555555555554,True,39.8
0760,CEDAR GROVE TWP,66.66666666666667,1.8,I,7.0,65.6,-1.066666666666677,True,14.400000000000006
0770,CENTRAL REGIONAL,32.6,33.2,B,2.0,38.9,6.299999999999997,True,41.1
0785,SCH DIST OF THE CHATHAMS,74.77777777777777,1.5,J,8.0,75.3,0.5222222222222257,True,4.700000000000003
0800,CHERRY HILL TWP,65.55555555555556,19.7,GH,6.0,63.5,-2.055555555555557,True,16.5
0820,CHESTER TWP,73.66666666666667,5.6,J,8.0,68.1,-5.566666666666677,True,11.900000000000006
0830,CHESTERFIELD TWP,69.0,2.1,GH,6.0,51.7,-17.299999999999997,True,28.299999999999997
0840,CINNAMINSON TWP,61.0,13.4,FG,5.0,59.9,-1.1000000000000014,True,20.1
0850,CLARK TWP,59.55555555555556,5.1,FG,5.0,66.3,6.74444444444444,True,13.700000000000003
0860,CLAYTON BORO,38.22222222222222,46.9,CD,3.0,38.9,0.6777777777777771,True,41.1
0870,CLEARVIEW REGIONAL,61.2,11.6,FG,5.0,66.0,4.799999999999997,True,14.0
0880,CLEMENTON BORO,75.16666666666667,58.0,B,2.0,58.8,-16.366666666666674,True,21.200000000000003
0890,CLIFFSIDE PARK BORO,58.44444444444444,57.1,B,2.0,55.3,-3.1444444444444457,True,24.700000000000003
0900,CLIFTON CITY,47.44444444444444,51.4,CD,3.0,39.6,-7.8444444444444414,True,40.4
0910,CLINTON TOWN,68.83333333333333,12.5,I,7.0,59.4,-9.43333333333333,True,20.6
0920,CLINTON TWP,71.0,6.2,I,7.0,66.8,-4.200000000000003,True,13.200000000000003
0930,CLOSTER BORO,88.0,0.9,I,7.0,80.0,-8.0,False,0.0
0940,COLLINGSWOOD BORO,57.55555555555556,34.6,FG,5.0,68.4,10.844444444444449,True,11.599999999999994
0945,COLTS NECK TWP,75.66666666666667,1.8,I,7.0,72.2,-3.4666666666666686,True,7.799999999999997
0950,COMMERCIAL TWP,28.75,63.8,A,1.0,27.2,-1.5500000000000007,True,52.8
0970,CRANBURY TWP,85.16666666666667,5.6,J,8.0,81.1,-4.066666666666677,False,-1.0999999999999943
0980,CRANFORD TWP,74.33333333333333,3.3,I,7.0,74.6,0.2666666666666657,True,5.400000000000006
0990,CRESSKILL BORO,78.33333333333333,0.8,I,7.0,71.1,-7.233333333333334,True,8.900000000000006
0997,CUMBERLAND REGIONAL,30.0,46.1,B,2.0,29.5,-0.5,True,50.5
1020,DEERFIELD TWP,44.333333333333336,51.9,B,2.0,25.7,-18.633333333333336,True,54.3
1030,DELANCO TWP,42.5,39.2,CD,3.0,22.3,-20.2,True,57.7
1040,DELAWARE TWP,67.0,7.6,GH,6.0,57.2,-9.799999999999997,True,22.799999999999997
1050,DELAWARE VALLEY REGIONAL,44.333333333333336,7.1,GH,6.0,63.0,18.666666666666664,True,17.0
1060,DELRAN TWP,43.666666666666664,24.3,FG,5.0,46.5,2.8333333333333357,True,33.5
1070,DEMAREST BORO,86.33333333333333,0.4,I,7.0,78.7,-7.633333333333326,True,1.2999999999999972
1080,DENNIS TWP,48.333333333333336,26.6,CD,3.0,36.3,-12.033333333333339,True,43.7
1090,DENVILLE TWP,84.83333333333333,4.7,I,7.0,76.5,-8.333333333333329,True,3.5
1100,DEPTFORD TWP,46.55555555555556,39.7,CD,3.0,43.5,-3.055555555555557,True,36.5
1110,DOVER TOWN,54.44444444444444,73.4,A,1.0,37.5,-16.944444444444443,True,42.5
1120,DOWNE TWP,30.2,43.0,A,1.0,22.0,-8.2,True,58.0
1130,DUMONT BORO,71.11111111111111,10.3,FG,5.0,65.4,-5.711111111111109,True,14.599999999999994
1140,DUNELLEN BORO,49.666666666666664,48.2,FG,5.0,36.8,-12.866666666666667,True,43.2
1150,EAGLESWOOD TWP,44.25,43.5,B,2.0,36.1,-8.149999999999999,True,43.9
1160,EAST AMWELL TWP,83.5,15.0,I,7.0,73.8,-9.700000000000003,True,6.200000000000003
1170,EAST BRUNSWICK TWP,71.22222222222223,17.3,I,7.0,69.0,-2.2222222222222285,True,11.0
1180,EAST GREENWICH TWP,70.5,7.7,FG,5.0,63.9,-6.600000000000001,True,16.1
1190,EAST HANOVER TWP,72.0,1.8,GH,6.0,77.0,5.0,True,3.0
1200,EAST NEWARK BORO,39.833333333333336,64.2,A,1.0,16.4,-23.433333333333337,True,63.6
1210,EAST ORANGE,40.0,80.1,A,1.0,34.6,-5.399999999999999,True,45.4
1230,EAST RUTHERFORD BORO,60.333333333333336,31.9,CD,3.0,64.5,4.166666666666664,True,15.5
1245,EAST WINDSOR REGIONAL,56.55555555555556,38.1,GH,6.0,47.0,-9.555555555555557,True,33.0
1250,EASTAMPTON TWP,42.166666666666664,21.4,FG,5.0,38.7,-3.4666666666666615,True,41.3
1255,EASTERN CAMDEN COUNTY REG,44.0,11.4,GH,6.0,67.1,23.099999999999994,True,12.900000000000006
1260,EATONTOWN BORO,62.833333333333336,42.4,FG,5.0,53.3,-9.533333333333339,True,26.700000000000003
1270,EDGEWATER BORO,62.0,9.7,GH,6.0,66.9,4.900000000000006,True,13.099999999999994
1280,EDGEWATER PARK TWP,44.333333333333336,55.3,DE,4.0,36.0,-8.333333333333336,True,44.0
1290,EDISON TWP,73.44444444444444,18.4,GH,6.0,68.5,-4.944444444444443,True,11.5
1300,EGG HARBOR CITY,14.0,79.3,A,1.0,10.0,-4.0,True,70.0
1310,EGG HARBOR TWP,52.77777777777778,46.1,CD,3.0,40.4,-12.37777777777778,True,39.6
1320,ELIZABETH CITY,45.888888888888886,78.4,A,1.0,46.2,0.3111111111111171,True,33.8
1330,ELK TWP,54.25,32.3,B,2.0,54.5,0.25,True,25.5
1345,ELMWOOD PARK,53.55555555555556,41.2,CD,3.0,48.6,-4.955555555555556,True,31.4
1350,ELSINBORO TWP,46.833333333333336,45.8,DE,4.0,49.3,2.4666666666666615,True,30.700000000000003
1360,EMERSON BORO,65.88888888888889,7.7,GH,6.0,58.9,-6.988888888888887,True,21.1
1370,ENGLEWOOD CITY,47.44444444444444,63.5,DE,4.0,42.9,-4.544444444444444,True,37.1
1380,ENGLEWOOD CLIFFS BORO,93.0,0.0,I,7.0,87.5,-5.5,False,-7.5
1400,ESSEX FELLS BORO,92.75,0.0,J,8.0,92.2,-0.5499999999999972,False,-12.200000000000003
1410,ESTELL MANOR CITY,55.166666666666664,26.8,DE,4.0,47.5,-7.666666666666664,True,32.5
1420,EVESHAM TWP,61.333333333333336,10.2,I,7.0,50.4,-10.933333333333337,True,29.6
1430,EWING TWP,40.888888888888886,42.9,DE,4.0,33.8,-7.088888888888889,True,46.2
1440,FAIR HAVEN BORO,86.33333333333333,0.4,I,7.0,81.9,-4.433333333333323,False,-1.9000000000000057
1450,FAIR LAWN BORO,74.77777777777777,9.7,GH,6.0,75.1,0.32222222222222285,True,4.900000000000006
1460,FAIRFIELD TWP,18.6,12.4,A,1.0,11.1,-7.500000000000002,True,68.9
1465,FAIRFIELD TWP,81.25,2.7,GH,6.0,58.2,-23.049999999999997,True,21.799999999999997
1470,FAIRVIEW BORO,39.666666666666664,64.8,A,1.0,17.7,-21.966666666666665,True,62.3
1490,FARMINGDALE BORO,68.16666666666667,30.1,DE,4.0,49.7,-18.46666666666667,True,30.299999999999997
1510,FLEMINGTON-RARITAN REG,67.16666666666667,17.5,I,7.0,54.4,-12.766666666666673,True,25.6
1520,FLORENCE TWP,40.22222222222222,27.7,DE,4.0,29.4,-10.822222222222223,True,50.6
1530,FLORHAM PARK BORO,81.5,0.0,I,7.0,70.9,-10.599999999999994,True,9.099999999999994
1540,FOLSOM BORO,48.333333333333336,29.5,CD,3.0,41.1,-7.233333333333334,True,38.9
1550,FORT LEE BORO,76.22222222222223,16.5,FG,5.0,72.2,-4.022222222222226,True,7.799999999999997
1560,FRANKFORD TWP,65.83333333333333,14.6,FG,5.0,58.6,-7.233333333333327,True,21.4
1570,FRANKLIN BORO,56.166666666666664,39.9,CD,3.0,46.2,-9.966666666666661,True,33.8
1580,FRANKLIN LAKES BORO,81.5,0.7,I,7.0,71.5,-10.0,True,8.5
1590,FRANKLIN TWP,48.75,31.8,CD,3.0,47.5,-1.25,True,32.5
1600,FRANKLIN TWP,59.166666666666664,5.5,I,7.0,49.4,-9.766666666666666,True,30.6
1610,FRANKLIN TWP,47.666666666666664,45.9,GH,6.0,41.9,-5.766666666666666,True,38.1
1620,FRANKLIN TWP,63.25,14.1,DE,4.0,47.7,-15.549999999999997,True,32.3
1630,FREDON TWP,64.75,10.0,GH,6.0,65.7,0.9500000000000028,True,14.299999999999997
1640,FREEHOLD BORO,48.166666666666664,79.9,B,2.0,40.4,-7.766666666666666,True,39.6
1650,FREEHOLD REGIONAL,41.0,9.9,GH,6.0,64.4,23.400000000000006,True,15.599999999999994
1660,FREEHOLD TWP,72.0,12.0,GH,6.0,63.8,-8.200000000000003,True,16.200000000000003
1670,FRELINGHUYSEN TWP,63.75,6.4,GH,6.0,57.4,-6.350000000000001,True,22.6
1680,FRENCHTOWN BORO,81.5,10.8,FG,5.0,53.4,-28.1,True,26.6
1690,GALLOWAY TWP,43.166666666666664,52.3,CD,3.0,31.3,-11.866666666666664,True,48.7
1700,GARFIELD CITY,50.22222222222222,62.7,B,2.0,51.2,0.9777777777777814,True,28.799999999999997
1710,GARWOOD BORO,60.5,18.8,DE,4.0,61.7,1.2000000000000028,True,18.299999999999997
1715,GATEWAY REGIONAL,49.4,32.7,CD,3.0,38.1,-11.299999999999997,True,41.9
1720,GIBBSBORO BORO,37.5,17.4,FG,5.0,43.0,5.5,True,37.0
1730,GLASSBORO,36.55555555555556,49.3,B,2.0,34.2,-2.3555555555555543,True,45.8
1750,GLEN RIDGE BORO,78.22222222222223,0.1,I,7.0,80.7,2.4777777777777743,False,-0.7000000000000028
1760,GLEN ROCK BORO,81.77777777777777,0.7,J,8.0,78.6,-3.177777777777777,True,1.4000000000000057
1770,GLOUCESTER CITY,51.888888888888886,68.2,B,2.0,40.2,-11.688888888888883,True,39.8
1780,GLOUCESTER TWP,54.166666666666664,40.3,DE,4.0,42.8,-11.366666666666667,True,37.2
1785,GREAT MEADOWS REGIONAL,69.66666666666667,13.9,GH,6.0,57.5,-12.166666666666671,True,22.5
1790,GREATER EGG HARBOR REG,37.666666666666664,46.1,CD,3.0,45.4,7.733333333333334,True,34.6
1800,GREEN TWP,77.33333333333333,7.4,I,7.0,73.9,-3.433333333333323,True,6.099999999999994
1810,GREEN BROOK TWP,71.83333333333333,6.2,GH,6.0,52.9,-18.93333333333333,True,27.1
1820,GREENWICH TWP,60.666666666666664,35.5,CD,3.0,53.5,-7.166666666666664,True,26.5
1830,GREENWICH TWP,61.666666666666664,37.7,DE,4.0,52.3,-9.366666666666667,True,27.700000000000003
1840,GREENWICH TWP,71.16666666666667,7.4,I,7.0,63.0,-8.166666666666671,True,17.0
1850,GUTTENBERG TOWN,54.666666666666664,72.4,B,2.0,35.7,-18.96666666666666,True,44.3
1860,HACKENSACK CITY,47.44444444444444,59.9,CD,3.0,37.7,-9.74444444444444,True,42.3
1870,HACKETTSTOWN,63.666666666666664,25.3,DE,4.0,52.4,-11.266666666666666,True,27.6
1880,HADDON HEIGHTS BORO,58.55555555555556,15.7,GH,6.0,62.2,3.6444444444444457,True,17.799999999999997
1890,HADDON TWP,57.22222222222222,14.7,FG,5.0,61.9,4.677777777777777,True,18.1
1900,HADDONFIELD BORO,76.11111111111111,1.3,J,8.0,84.4,8.288888888888891,False,-4.400000000000006
1910,HAINESPORT TWP,54.333333333333336,13.4,FG,5.0,43.5,-10.833333333333336,True,36.5
1920,HALEDON BORO,50.0,59.3,B,2.0,32.8,-17.200000000000003,True,47.2
1930,HAMBURG BORO,53.666666666666664,14.9,DE,4.0,59.8,6.133333333333333,True,20.200000000000003
1940,HAMILTON TWP,49.166666666666664,50.5,CD,3.0,31.0,-18.166666666666664,True,49.0
1950,HAMILTON TWP,44.55555555555556,37.0,FG,5.0,37.1,-7.455555555555556,True,42.9
1960,HAMMONTON TOWN,58.111111111111114,44.4,B,2.0,52.8,-5.311111111111117,True,27.200000000000003
1970,HAMPTON BORO,65.0,28.8,DE,4.0,45.9,-19.1,True,34.1
1980,HAMPTON TWP,71.25,14.7,GH,6.0,63.3,-7.950000000000003,True,16.700000000000003
1990,HANOVER PARK REGIONAL,58.333333333333336,3.5,GH,6.0,81.3,22.96666666666666,False,-1.2999999999999972
2000,HANOVER TWP,71.66666666666667,2.3,I,7.0,70.8,-0.8666666666666742,True,9.200000000000003
2010,HARDING TOWNSHIP,89.0,1.0,J,8.0,83.0,-6.0,False,-3.0
2030,HARDYSTON TWP,70.5,10.2,FG,5.0,61.9,-8.600000000000001,True,18.1
2040,HARMONY TWP,48.833333333333336,11.8,DE,4.0,32.5,-16.333333333333336,True,47.5
2050,HARRINGTON PARK BORO,81.83333333333333,0.0,I,7.0,71.1,-10.733333333333334,True,8.900000000000006
2060,HARRISON TOWN,51.333333333333336,78.7,B,2.0,45.2,-6.133333333333333,True,34.8
2070,HARRISON TWP,76.0,12.2,GH,6.0,66.5,-9.5,True,13.5
2080,HASBROUCK HEIGHTS BORO,65.0,15.1,FG,5.0,67.2,2.200000000000003,True,12.799999999999997
2090,HAWORTH BORO,86.66666666666667,0.0,I,7.0,84.2,-2.4666666666666686,False,-4.200000000000003
2100,HAWTHORNE BORO,56.55555555555556,28.3,DE,4.0,56.7,0.1444444444444457,True,23.299999999999997
2105,HAZLET TWP,55.55555555555556,18.2,DE,4.0,55.7,0.1444444444444457,True,24.299999999999997
2120,HENRY HUDSON REGIONAL,62.4,23.3,DE,4.0,52.4,-10.0,True,27.6
2140,HIGH BRIDGE BORO,61.166666666666664,11.3,GH,6.0,51.8,-9.366666666666667,True,28.200000000000003
2150,HIGHLAND PARK BORO,56.55555555555556,34.9,GH,6.0,46.8,-9.75555555555556,True,33.2
2160,HIGHLANDS BORO,58.75,53.8,CD,3.0,49.5,-9.25,True,30.5
2165,HIGH POINT REGIONAL,34.666666666666664,15.5,DE,4.0,55.9,21.233333333333334,True,24.1
2170,HILLSBOROUGH TWP,69.33333333333333,8.5,I,7.0,70.6,1.2666666666666657,True,9.400000000000006
2180,HILLSDALE BORO,69.5,6.7,GH,6.0,76.3,6.799999999999997,True,3.700000000000003
2190,HILLSIDE TWP,39.888888888888886,64.6,CD,3.0,44.4,4.511111111111113,True,35.6
2200,HO HO KUS BORO,90.33333333333331,0.0,J,8.0,79.5,-10.833333333333314,True,0.5
2210,HOBOKEN CITY,53.44444444444444,37.4,FG,5.0,68.2,14.75555555555556,True,11.799999999999997
2220,HOLLAND TWP,65.33333333333333,7.6,FG,5.0,58.0,-7.333333333333329,True,22.0
2230,HOLMDEL TWP,77.44444444444444,3.6,I,7.0,79.0,1.5555555555555571,True,1.0
2240,HOPATCONG,41.55555555555556,25.5,FG,5.0,31.5,-10.055555555555557,True,48.5
2250,HOPE TWP,65.16666666666667,13.9,FG,5.0,49.4,-15.766666666666673,True,30.6
2270,HOPEWELL TWP,48.0,37.7,CD,3.0,41.3,-6.700000000000003,True,38.7
2280,HOPEWELL VALLEY REGIONAL,70.55555555555556,3.6,I,7.0,70.5,-0.055555555555557135,True,9.5
2290,HOWELL TWP,68.0,16.4,FG,5.0,54.0,-14.0,True,26.0
2300,HUNTERDON CENTRAL REG,69.33333333333333,8.5,I,7.0,75.8,6.466666666666669,True,4.200000000000003
2330,IRVINGTON TOWNSHIP,27.333333333333332,62.6,A,1.0,24.6,-2.7333333333333307,True,55.4
2350,ISLAND HEIGHTS BORO,81.0,7.4,GH,6.0,66.2,-14.799999999999997,True,13.799999999999997
2360,JACKSON TWP,51.111111111111114,22.1,DE,4.0,43.2,-7.911111111111111,True,36.8
2370,JAMESBURG BORO,43.333333333333336,58.3,DE,4.0,39.7,-3.633333333333333,True,40.3
2380,JEFFERSON TWP,58.333333333333336,9.5,GH,6.0,52.3,-6.0333333333333385,True,27.700000000000003
2390,JERSEY CITY,48.0,58.2,B,2.0,45.1,-2.8999999999999986,True,34.9
2400,KEANSBURG BORO,25.555555555555557,51.6,A,1.0,24.1,-1.4555555555555557,True,55.9
2410,KEARNY TOWN,44.77777777777778,52.8,B,2.0,39.2,-5.577777777777776,True,40.8
2420,KENILWORTH BORO,45.666666666666664,23.1,DE,4.0,46.3,0.6333333333333329,True,33.7
2430,KEYPORT BORO,47.888888888888886,48.0,CD,3.0,49.6,1.7111111111111157,True,30.4
2440,KINGSWAY REGIONAL,59.0,12.2,FG,5.0,62.4,3.3999999999999986,True,17.6
2450,KINGWOOD TWP,73.0,8.4,FG,5.0,54.8,-18.200000000000003,True,25.200000000000003
2460,KINNELON BORO,78.33333333333333,3.7,I,7.0,76.3,-2.0333333333333314,True,3.700000000000003
2465,KITTATINNY REGIONAL,60.6,10.6,FG,5.0,60.4,-0.20000000000000284,True,19.6
2470,KNOWLTON TWP,61.0,18.9,FG,5.0,59.8,-1.2000000000000028,True,20.200000000000003
2480,LACEY TWP,50.333333333333336,26.3,DE,4.0,45.4,-4.933333333333337,True,34.6
2490,LAFAYETTE TWP,76.16666666666667,10.0,GH,6.0,47.1,-29.06666666666667,True,32.9
2500,LAKEHURST BORO,25.833333333333332,54.5,B,2.0,20.6,-5.233333333333331,True,59.4
2510,LAKELAND REGIONAL,63.333333333333336,14.1,FG,5.0,67.9,4.56666666666667,True,12.099999999999994
2540,LAUREL SPRINGS BORO,73.0,26.3,DE,4.0,63.9,-9.100000000000001,True,16.1
2550,LAVALLETTE BORO,80.83333333333333,10.5,DE,4.0,58.6,-22.233333333333327,True,21.4
2560,LAWNSIDE BORO,46.0,58.6,B,2.0,26.2,-19.8,True,53.8
2570,LAWRENCE TWP,51.333333333333336,52.0,A,1.0,43.0,-8.333333333333336,True,37.0
2580,LAWRENCE TWP,58.55555555555556,24.1,GH,6.0,54.1,-4.455555555555556,True,25.9
2590,LEBANON BORO,72.0,5.6,I,7.0,66.0,-6.0,True,14.0
2600,LEBANON TWP,72.16666666666667,7.1,I,7.0,59.0,-13.166666666666671,True,21.0
2610,LENAPE REGIONAL,44.0,10.5,GH,6.0,58.2,14.200000000000003,True,21.799999999999997
2615,LENAPE VALLEY REGIONAL,54.666666666666664,13.9,GH,6.0,71.4,16.73333333333334,True,8.599999999999994
2620,LEONIA BORO,71.22222222222223,15.5,GH,6.0,69.8,-1.4222222222222314,True,10.200000000000003
2650,LINCOLN PARK BORO,75.0,18.0,FG,5.0,71.8,-3.200000000000003,True,8.200000000000003
2660,LINDEN CITY,45.888888888888886,55.4,B,2.0,32.8,-13.088888888888889,True,47.2
2670,LINDENWOLD BORO,24.11111111111111,80.8,B,2.0,18.7,-5.411111111111111,True,61.3
2680,LINWOOD CITY,82.33333333333333,8.1,GH,6.0,71.7,-10.633333333333326,True,8.299999999999997
2690,LITTLE EGG HARBOR TWP,44.25,46.5,B,2.0,38.8,-5.450000000000003,True,41.2
2700,LITTLE FALLS TWP,83.83333333333333,21.0,FG,5.0,72.9,-10.933333333333323,True,7.099999999999994
2710,LITTLE FERRY BORO,57.166666666666664,42.8,CD,3.0,51.2,-5.9666666666666615,True,28.799999999999997
2720,LITTLE SILVER BORO,88.5,0.8,J,8.0,89.3,0.7999999999999972,False,-9.299999999999997
2730,LIVINGSTON TWP,82.22222222222223,2.0,I,7.0,84.2,1.9777777777777743,False,-4.200000000000003
2740,LODI BOROUGH,68.0,55.4,B,2.0,71.9,3.9000000000000057,True,8.099999999999994
2750,LOGAN TWP,74.16666666666667,16.0,FG,5.0,58.2,-15.966666666666669,True,21.799999999999997
2760,LONG BEACH ISLAND,57.5,24.7,FG,5.0,59.5,2.0,True,20.5
2770,LONG BRANCH CITY,33.22222222222222,83.1,B,2.0,26.2,-7.022222222222222,True,53.8
2790,LOPATCONG TWP,63.5,14.8,DE,4.0,55.8,-7.700000000000003,True,24.200000000000003
2800,LOWER ALLOWAYS CREEK,45.166666666666664,22.4,CD,3.0,43.5,-1.6666666666666643,True,36.5
2820,LOWER CAPE MAY REGIONAL,40.6,46.4,B,2.0,44.8,4.199999999999996,True,35.2
2840,LOWER TWP,44.75,52.2,B,2.0,31.3,-13.45,True,48.7
2850,LUMBERTON TWP,55.0,21.9,FG,5.0,38.6,-16.4,True,41.4
2860,LYNDHURST TWP,62.22222222222222,22.6,DE,4.0,58.8,-3.4222222222222243,True,21.200000000000003
2870,MADISON BORO,76.55555555555556,6.9,I,7.0,75.4,-1.1555555555555515,True,4.599999999999994
2890,MAGNOLIA BORO,52.0,40.5,CD,3.0,50.6,-1.3999999999999986,True,29.4
2900,MAHWAH TWP,71.88888888888889,9.6,I,7.0,72.3,0.4111111111111114,True,7.700000000000003
2910,MAINLAND REGIONAL,49.0,26.2,DE,4.0,71.5,22.5,True,8.5
2920,MANALAPAN-ENGLISHTOWN REG,74.5,7.8,GH,6.0,74.7,0.20000000000000284,True,5.299999999999997
2930,MANASQUAN BORO,68.22222222222223,12.4,GH,6.0,68.3,0.07777777777776862,True,11.700000000000003
2940,MANCHESTER TWP,47.77777777777778,32.4,B,2.0,40.9,-6.87777777777778,True,39.1
2950,MANNINGTON TWP,61.833333333333336,22.9,CD,3.0,63.8,1.9666666666666615,True,16.200000000000003
2960,MANSFIELD TWP,81.5,8.2,DE,4.0,78.4,-3.0999999999999943,True,1.5999999999999943
2970,MANSFIELD TWP,54.5,29.6,FG,5.0,44.3,-10.200000000000003,True,35.7
2990,MANTUA TWP,67.5,19.0,FG,5.0,59.5,-8.0,True,20.5
3000,MANVILLE BORO,49.111111111111114,47.1,CD,3.0,22.4,-26.711111111111116,True,57.6
3010,MAPLE SHADE TWP,42.333333333333336,45.7,CD,3.0,28.8,-13.533333333333335,True,51.2
3020,MARGATE CITY,80.33333333333333,9.9,DE,4.0,77.6,-2.7333333333333343,True,2.4000000000000057
3030,MARLBORO TWP,77.16666666666667,4.8,I,7.0,73.0,-4.166666666666671,True,7.0
3040,MATAWAN-ABERDEEN REGIONAL,64.44444444444444,27.5,FG,5.0,60.5,-3.944444444444443,True,19.5
3050,MAURICE RIVER TWP,44.5,41.1,B,2.0,37.8,-6.700000000000003,True,42.2
3060,MAYWOOD BORO,76.16666666666667,10.6,FG,5.0,69.3,-6.866666666666674,True,10.700000000000003
3070,MEDFORD LAKES BORO,60.833333333333336,3.8,I,7.0,74.7,13.866666666666667,True,5.299999999999997
3080,MEDFORD TWP,78.16666666666667,5.3,I,7.0,65.7,-12.466666666666669,True,14.299999999999997
3090,MENDHAM BORO,81.33333333333333,3.1,J,8.0,87.3,5.966666666666669,False,-7.299999999999997
3100,MENDHAM TWP,95.5,0.0,J,8.0,90.5,-5.0,False,-10.5
3110,MERCHANTVILLE BORO,49.166666666666664,33.8,DE,4.0,47.3,-1.8666666666666671,True,32.7
3120,METUCHEN BORO,71.88888888888889,5.7,I,7.0,75.6,3.7111111111111086,True,4.400000000000006
3130,MIDDLE TWP,42.666666666666664,44.5,B,2.0,34.7,-7.9666666666666615,True,45.3
3140,MIDDLESEX BORO,59.666666666666664,30.7,FG,5.0,45.7,-13.966666666666661,True,34.3
3160,MIDDLETOWN TWP,58.22222222222222,11.1,GH,6.0,60.6,2.37777777777778,True,19.4
3170,MIDLAND PARK BORO,72.77777777777777,5.0,GH,6.0,79.4,6.622222222222234,True,0.5999999999999943
3180,MILFORD BORO,90.0,13.5,FG,5.0,64.3,-25.700000000000003,True,15.700000000000003
3190,MILLBURN TWP,81.11111111111111,1.2,J,8.0,84.9,3.7888888888888914,False,-4.900000000000006
3200,MILLSTONE TWP,69.16666666666667,5.0,I,7.0,64.7,-4.466666666666669,True,15.299999999999997
3220,MILLTOWN BORO,60.666666666666664,11.8,FG,5.0,46.7,-13.966666666666661,True,33.3
3230,MILLVILLE CITY,25.88888888888889,61.2,A,1.0,18.0,-7.888888888888889,True,62.0
3240,MINE HILL TWP,74.25,28.5,FG,5.0,58.7,-15.549999999999997,True,21.299999999999997
3250,MONMOUTH BEACH BORO,90.0,0.0,I,7.0,78.6,-11.400000000000006,True,1.4000000000000057
3270,MONMOUTH REGIONAL,40.0,27.2,GH,6.0,54.1,14.100000000000001,True,25.9
3280,MONROE TWP,46.55555555555556,31.3,CD,3.0,44.9,-1.6555555555555586,True,35.1
3290,MONROE TWP,66.77777777777777,7.3,FG,5.0,69.2,2.4222222222222314,True,10.799999999999997
3300,MONTAGUE TWP,62.666666666666664,37.8,B,2.0,60.5,-2.1666666666666643,True,19.5
3310,MONTCLAIR TOWN,62.44444444444444,15.5,I,7.0,69.4,6.955555555555563,True,10.599999999999994
3320,MONTGOMERY TWP,74.44444444444444,3.2,J,8.0,81.3,6.855555555555554,False,-1.2999999999999972
3330,MONTVALE BORO,81.16666666666667,2.3,I,7.0,76.9,-4.266666666666666,True,3.0999999999999943
3340,MONTVILLE TWP,72.33333333333333,2.3,I,7.0,80.0,7.666666666666671,False,0.0
3350,MOONACHIE BORO,65.83333333333333,53.3,B,2.0,74.5,8.666666666666671,True,5.5
3360,MOORESTOWN TWP,67.55555555555556,9.9,I,7.0,70.9,3.3444444444444485,True,9.099999999999994
3370,MORRIS HILLS REGIONAL,57.333333333333336,15.2,GH,6.0,79.7,22.366666666666667,True,0.29999999999999716
3380,MORRIS PLAINS BORO,75.33333333333333,6.6,I,7.0,78.5,3.1666666666666714,True,1.5
3385,MORRIS SCHOOL DISTRICT,58.77777777777778,32.4,GH,6.0,58.5,-0.27777777777777857,True,21.5
3410,MOUNT ARLINGTON BORO,78.66666666666667,16.8,GH,6.0,65.9,-12.766666666666666,True,14.099999999999994
3420,MOUNT EPHRAIM BORO,53.666666666666664,30.2,CD,3.0,53.8,0.13333333333333286,True,26.200000000000003
3430,MOUNT HOLLY TWP,49.0,58.3,B,2.0,33.0,-16.0,True,47.0
3440,MOUNT LAUREL TWP,63.333333333333336,13.9,I,7.0,56.5,-6.833333333333336,True,23.5
3450,MOUNT OLIVE TWP,82.77777777777777,12.8,GH,6.0,61.6,-21.17777777777777,True,18.4
3460,MOUNTAIN LAKES BORO,88.0,2.2,J,8.0,88.5,0.5,False,-8.5
3470,MOUNTAINSIDE BORO,75.5,2.0,I,7.0,79.9,4.400000000000006,True,0.09999999999999432
3480,MULLICA TWP,54.0,24.6,B,2.0,43.7,-10.299999999999997,True,36.3
3490,NATIONAL PARK BORO,49.5,42.4,B,2.0,29.3,-20.2,True,50.7
3500,NEPTUNE CITY,39.666666666666664,55.3,CD,3.0,19.0,-20.666666666666664,True,61.0
3510,NEPTUNE TWP,29.22222222222222,55.8,CD,3.0,35.1,5.87777777777778,True,44.9
3520,NETCONG BORO,53.333333333333336,38.9,DE,4.0,49.1,-4.233333333333334,True,30.9
3530,NEW BRUNSWICK CITY,32.888888888888886,77.0,A,1.0,26.3,-6.588888888888885,True,53.7
3540,NEW HANOVER TWP,48.333333333333336,46.6,B,2.0,27.5,-20.833333333333336,True,52.5
3550,NEW MILFORD BORO,71.55555555555556,15.2,FG,5.0,70.8,-0.75555555555556,True,9.200000000000003
3560,NEW PROVIDENCE BORO,79.44444444444444,3.4,I,7.0,83.8,4.355555555555554,False,-3.799999999999997
3570,NEWARK CITY,34.44444444444444,68.0,A,1.0,31.8,-2.644444444444442,True,48.2
3590,NEWTON TOWN,45.22222222222222,33.0,CD,3.0,45.6,0.37777777777778,True,34.4
3600,NORTH ARLINGTON BORO,60.44444444444444,23.5,DE,4.0,60.4,-0.04444444444444429,True,19.6
3610,NORTH BERGEN TWP,44.888888888888886,67.2,B,2.0,38.3,-6.588888888888889,True,41.7
3620,NORTH BRUNSWICK TWP,49.333333333333336,41.5,FG,5.0,40.7,-8.633333333333333,True,39.3
3630,NORTH CALDWELL BORO,88.0,0.0,J,8.0,86.4,-1.5999999999999943,False,-6.400000000000006
3640,NORTH HALEDON BORO,66.83333333333333,13.2,FG,5.0,56.9,-9.93333333333333,True,23.1
3650,NORTH HANOVER TWP,54.0,31.1,CD,3.0,47.8,-6.200000000000003,True,32.2
3660,N HUNT/VOORHEES REGIONAL,58.666666666666664,3.0,I,7.0,74.4,15.733333333333341,True,5.599999999999994
3670,NORTH PLAINFIELD BORO,37.22222222222222,64.4,DE,4.0,29.4,-7.822222222222223,True,50.6
3675,NORTH WARREN REGIONAL,54.0,10.0,FG,5.0,45.6,-8.399999999999999,True,34.4
3680,NORTH WILDWOOD CITY,50.0,61.7,A,1.0,32.4,-17.6,True,47.6
3690,NORTHERN BURLINGTON REG,57.6,11.6,DE,4.0,55.4,-2.200000000000003,True,24.6
3700,NORTHERN HIGHLANDS REG,58.666666666666664,0.7,J,8.0,89.7,31.03333333333334,False,-9.700000000000003
3710,NORTHERN VALLEY REGIONAL,74.66666666666667,1.4,I,7.0,83.0,8.333333333333329,False,-3.0
3720,NORTHFIELD CITY,58.5,20.3,DE,4.0,57.7,-0.7999999999999972,True,22.299999999999997
3730,NORTHVALE BORO,80.0,0.0,FG,5.0,64.5,-15.5,True,15.5
3740,NORWOOD BORO,74.16666666666667,0.0,I,7.0,77.8,3.6333333333333258,True,2.200000000000003
3750,NUTLEY TOWN,66.0,14.3,FG,5.0,67.1,1.0999999999999943,True,12.900000000000006
3760,OAKLAND BORO,76.16666666666667,6.4,I,7.0,74.9,-1.2666666666666657,True,5.099999999999994
3770,OAKLYN BORO,48.285714285714285,33.9,CD,3.0,57.1,8.814285714285717,True,22.9
3780,OCEAN CITY,56.888888888888886,22.2,DE,4.0,67.4,10.51111111111112,True,12.599999999999994
3800,OCEAN GATE BORO,53.0,52.7,B,2.0,33.3,-19.700000000000003,True,46.7
3810,OCEAN TWP,50.22222222222222,26.0,FG,5.0,57.1,6.87777777777778,True,22.9
3820,OCEAN TWP,46.0,39.3,CD,3.0,41.2,-4.799999999999997,True,38.8
3830,OCEANPORT BORO,80.0,6.5,GH,6.0,65.4,-14.599999999999994,True,14.599999999999994
3840,OGDENSBURG BORO,57.833333333333336,24.9,FG,5.0,58.3,0.46666666666666146,True,21.700000000000003
3845,OLD BRIDGE TWP,55.333333333333336,24.2,FG,5.0,57.4,2.066666666666663,True,22.6
3850,OLD TAPPAN BORO,85.33333333333333,0.0,I,7.0,83.6,-1.7333333333333343,False,-3.5999999999999943
3860,OLDMANS TWP,66.66666666666667,23.0,CD,3.0,33.5,-33.16666666666667,True,46.5
3870,ORADELL BORO,81.0,0.1,I,7.0,82.3,1.2999999999999972,False,-2.299999999999997
3880,CITY OF ORANGE TWP,34.55555555555556,60.9,A,1.0,35.9,1.3444444444444414,True,44.1
3890,OXFORD TWP,56.5,4.3,DE,4.0,49.7,-6.799999999999997,True,30.299999999999997
3910,PALISADES PARK,44.77777777777778,52.5,CD,3.0,36.1,-8.677777777777777,True,43.9
3920,PALMYRA BORO,44.111111111111114,39.4,DE,4.0,40.4,-3.7111111111111157,True,39.6
3930,PARAMUS BORO,67.33333333333333,6.5,GH,6.0,71.4,4.066666666666677,True,8.599999999999994
3940,PARK RIDGE BORO,73.11111111111111,4.9,I,7.0,74.1,0.98888888888888,True,5.900000000000006
3950,PARSIPPANY-TROY HILLS TWP,70.33333333333333,13.3,GH,6.0,68.7,-1.6333333333333258,True,11.299999999999997
3960,PASCACK VALLEY REGIONAL,63.333333333333336,2.1,I,7.0,79.4,16.06666666666667,True,0.5999999999999943
3970,PASSAIC CITY,27.77777777777778,99.9,A,1.0,31.1,3.322222222222223,True,48.9
3980,PASSAIC CO MANCHESTER REG,51.0,56.3,B,2.0,35.3,-15.700000000000003,True,44.7
3990,PASSAIC VALLEY REGIONAL,41.666666666666664,29.1,DE,4.0,58.1,16.433333333333337,True,21.9
4000,LONG HILL TWP,76.0,3.8,I,7.0,69.4,-6.599999999999994,True,10.599999999999994
4010,PATERSON CITY,27.0,76.6,A,1.0,24.0,-3.0,True,56.0
4020,PAULSBORO BORO,20.125,93.0,A,1.0,12.9,-7.225,True,67.1
4050,PEMBERTON TWP,36.55555555555556,41.3,B,2.0,28.4,-8.155555555555559,True,51.6
4060,PENNSAUKEN TWP,33.22222222222222,72.6,CD,3.0,28.8,-4.422222222222221,True,51.2
4070,PENNS GRV-CARNEY'S PT REG,26.444444444444443,74.0,A,1.0,18.1,-8.344444444444441,True,61.9
4075,PENNSVILLE,46.22222222222222,31.6,CD,3.0,38.7,-7.522222222222219,True,41.3
4080,PEQUANNOCK TWP,75.22222222222223,4.4,GH,6.0,71.4,-3.822222222222223,True,8.599999999999994
4090,PERTH AMBOY CITY,38.77777777777778,85.6,A,1.0,32.8,-5.977777777777781,True,47.2
4100,PHILLIPSBURG TOWN,42.77777777777778,52.7,B,2.0,36.6,-6.177777777777777,True,43.4
4105,PINELANDS REGIONAL,55.2,37.1,B,2.0,43.1,-12.100000000000001,True,36.9
4110,PINE HILL BORO,42.888888888888886,55.3,B,2.0,33.2,-9.688888888888883,True,46.8
4130,PISCATAWAY TWP,55.55555555555556,34.6,GH,6.0,57.2,1.6444444444444457,True,22.799999999999997
4140,PITMAN BORO,52.22222222222222,21.2,FG,5.0,54.0,1.7777777777777786,True,26.0
4150,PITTSGROVE TWP,51.888888888888886,32.1,CD,3.0,43.6,-8.288888888888884,True,36.4
4160,PLAINFIELD CITY,22.88888888888889,76.2,B,2.0,20.8,-2.0888888888888886,True,59.2
4180,PLEASANTVILLE CITY,24.22222222222222,80.3,A,1.0,20.7,-3.522222222222222,True,59.3
4190,PLUMSTED TWP,62.22222222222222,18.1,DE,4.0,47.9,-14.322222222222223,True,32.1
4200,POHATCONG TWP,60.5,18.0,DE,4.0,44.9,-15.600000000000001,True,35.1
4210,POINT PLEASANT BORO,63.666666666666664,12.2,FG,5.0,59.9,-3.7666666666666657,True,20.1
4220,POINT PLEASANT BEACH BORO,68.44444444444444,16.8,FG,5.0,70.6,2.1555555555555515,True,9.400000000000006
4230,POMPTON LAKES BORO,69.55555555555556,21.2,FG,5.0,65.0,-4.555555555555557,True,15.0
4240,PORT REPUBLIC CITY,78.2,16.5,FG,5.0,64.4,-13.799999999999997,True,15.599999999999994
4255,PRINCETON REGIONAL,74.22222222222223,12.9,I,7.0,77.3,3.0777777777777686,True,2.700000000000003
4270,PROSPECT PARK BORO,34.0,68.9,B,2.0,19.9,-14.100000000000001,True,60.1
4280,QUINTON TWP,52.333333333333336,39.4,A,1.0,41.6,-10.733333333333334,True,38.4
4290,RAHWAY CITY,37.44444444444444,54.1,CD,3.0,38.5,1.0555555555555571,True,41.5
4300,RAMAPO-INDIAN HILL REG,61.666666666666664,2.1,I,7.0,80.2,18.53333333333334,False,-0.20000000000000284
4310,RAMSEY BORO,73.66666666666667,6.0,I,7.0,72.3,-1.3666666666666742,True,7.700000000000003
4320,RANCOCAS VALLEY REGIONAL,51.0,20.9,DE,4.0,40.8,-10.200000000000003,True,39.2
4330,RANDOLPH TWP,68.66666666666667,7.9,I,7.0,66.4,-2.2666666666666657,True,13.599999999999994
4350,READINGTON TWP,71.66666666666667,7.0,I,7.0,69.7,-1.9666666666666686,True,10.299999999999997
4360,RED BANK BORO,49.833333333333336,86.7,CD,3.0,43.2,-6.633333333333333,True,36.8
4365,RED BANK REGIONAL,55.666666666666664,23.5,FG,5.0,56.3,0.6333333333333329,True,23.700000000000003
4370,RIDGEFIELD BORO,68.11111111111111,30.6,DE,4.0,58.4,-9.711111111111116,True,21.6
4380,RIDGEFIELD PARK TWP,56.0,38.5,DE,4.0,50.2,-5.799999999999997,True,29.799999999999997
4390,RIDGEWOOD VILLAGE,78.55555555555556,2.0,J,8.0,82.8,4.24444444444444,False,-2.799999999999997
4400,RINGWOOD BORO,70.16666666666667,6.7,GH,6.0,56.2,-13.966666666666669,True,23.799999999999997
4405,RIVER DELL REGIONAL,66.8,0.8,I,7.0,80.8,14.0,False,-0.7999999999999972
4410,RIVER EDGE BORO,84.25,0.0,I,7.0,79.6,-4.650000000000006,True,0.4000000000000057
4430,RIVER VALE TWP,80.5,0.4,I,7.0,80.1,-0.4000000000000057,False,-0.09999999999999432
4440,RIVERDALE BORO,75.0,17.3,FG,5.0,66.0,-9.0,True,14.0
4450,RIVERSIDE TWP,23.333333333333332,56.1,B,2.0,22.7,-0.6333333333333329,True,57.3
4460,RIVERTON,75.5,11.4,GH,6.0,59.2,-16.299999999999997,True,20.799999999999997
4470,ROCHELLE PARK TWP,58.666666666666664,18.0,FG,5.0,56.1,-2.566666666666663,True,23.9
4480,ROCKAWAY BORO,54.333333333333336,21.2,FG,5.0,57.0,2.6666666666666643,True,23.0
4490,ROCKAWAY TWP,65.83333333333333,12.6,I,7.0,61.3,-4.533333333333331,True,18.700000000000003
4520,ROOSEVELT BORO,88.33333333333333,0.0,GH,6.0,61.1,-27.233333333333327,True,18.9
4530,ROSELAND BORO,71.75,1.9,I,7.0,74.7,2.950000000000003,True,5.299999999999997
4540,ROSELLE BORO,39.55555555555556,69.6,B,2.0,32.2,-7.355555555555554,True,47.8
4550,ROSELLE PARK BORO,51.55555555555556,35.5,DE,4.0,55.6,4.044444444444444,True,24.4
4560,ROXBURY TWP,54.55555555555556,13.8,GH,6.0,51.3,-3.25555555555556,True,28.700000000000003
4570,RUMSON BORO,91.0,0.2,J,8.0,90.8,-0.20000000000000284,False,-10.799999999999997
4580,RUMSON-FAIR HAVEN REG,56.0,0.6,J,8.0,93.6,37.599999999999994,False,-13.599999999999994
4590,RUNNEMEDE BORO,47.666666666666664,34.0,B,2.0,48.0,0.3333333333333357,True,32.0
4600,RUTHERFORD BORO,68.55555555555556,6.2,GH,6.0,74.9,6.3444444444444485,True,5.099999999999994
4610,SADDLE BROOK TWP,58.111111111111114,18.4,DE,4.0,52.0,-6.111111111111114,True,28.0
4620,SADDLE RIVER BORO,91.33333333333331,0.6,J,8.0,78.2,-13.133333333333312,True,1.7999999999999972
4630,SALEM CITY,20.666666666666668,84.9,A,1.0,14.4,-6.2666666666666675,True,65.6
4650,SANDYSTON-WALPACK TWP,72.75,2.8,FG,5.0,60.0,-12.75,True,20.0
4660,SAYREVILLE BORO,53.55555555555556,34.9,DE,4.0,50.7,-2.8555555555555543,True,29.299999999999997
4670,SCOTCH PLAINS-FANWOOD REG,74.0,5.4,I,7.0,70.2,-3.799999999999997,True,9.799999999999997
4690,SEA GIRT BORO,94.0,0.0,I,7.0,95.6,1.5999999999999943,False,-15.599999999999994
4710,SEASIDE HEIGHTS BORO,22.5,75.0,A,1.0,33.3,10.799999999999997,True,46.7
4730,SECAUCUS TOWN,59.333333333333336,28.5,DE,4.0,52.7,-6.633333333333333,True,27.299999999999997
4740,SHAMONG TWP,54.333333333333336,12.8,GH,6.0,63.2,8.866666666666667,True,16.799999999999997
4760,SHORE REGIONAL,52.333333333333336,5.6,GH,6.0,64.4,12.06666666666667,True,15.599999999999994
4770,SHREWSBURY BORO,72.83333333333333,1.1,I,7.0,73.5,0.6666666666666714,True,6.5
4790,SOMERDALE BORO,50.0,32.9,CD,3.0,34.5,-15.5,True,45.5
4800,SOMERS POINT CITY,41.5,66.1,CD,3.0,26.8,-14.7,True,53.2
4815,SOMERSET HILLS REGIONAL,64.88888888888889,12.6,I,7.0,71.9,7.01111111111112,True,8.099999999999994
4820,SOMERVILLE BORO,51.888888888888886,30.3,FG,5.0,48.6,-3.2888888888888843,True,31.4
4830,SOUTH AMBOY CITY,44.0,39.5,CD,3.0,31.9,-12.100000000000001,True,48.1
4850,SOUTH BOUND BROOK,49.666666666666664,49.8,B,2.0,51.1,1.4333333333333371,True,28.9
4860,SOUTH BRUNSWICK TWP,65.77777777777777,11.9,I,7.0,72.8,7.022222222222226,True,7.200000000000003
4870,SOUTH HACKENSACK TWP,72.83333333333333,36.7,CD,3.0,74.4,1.566666666666677,True,5.599999999999994
4880,SOUTH HARRISON TWP,64.25,13.1,FG,5.0,47.3,-16.950000000000003,True,32.7
4900,SOUTH ORANGE-MAPLEWOOD,63.55555555555556,16.4,I,7.0,69.9,6.3444444444444485,True,10.099999999999994
4910,SOUTH PLAINFIELD BORO,61.0,22.0,FG,5.0,47.7,-13.299999999999997,True,32.3
4920,SOUTH RIVER BORO,45.333333333333336,44.6,CD,3.0,33.0,-12.333333333333336,True,47.0
4930,SOUTHAMPTON TWP,64.16666666666667,19.1,DE,4.0,46.9,-17.266666666666673,True,33.1
4940,DELSEA REGIONAL H.S DIST.,50.8,26.7,CD,3.0,43.8,-7.0,True,36.2
4950,SOUTHERN REGIONAL,45.4,18.5,DE,4.0,63.6,18.200000000000003,True,16.4
4960,SPARTA TWP,66.22222222222223,4.1,I,7.0,61.1,-5.122222222222227,True,18.9
4970,SPOTSWOOD BORO,61.0,12.8,DE,4.0,40.8,-20.200000000000003,True,39.2
4980,SPRING LAKE BORO,89.16666666666667,0.0,I,7.0,92.0,2.8333333333333286,False,-12.0
4990,SPRING LAKE HEIGHTS BORO,82.5,4.5,FG,5.0,73.3,-9.200000000000003,True,6.700000000000003
5000,SPRINGFIELD TWP,67.44444444444444,12.4,GH,6.0,62.2,-5.24444444444444,True,17.799999999999997
5010,SPRINGFIELD TWP,66.75,15.1,FG,5.0,53.7,-13.049999999999997,True,26.299999999999997
5020,STAFFORD TWP,62.0,23.0,DE,4.0,55.9,-6.100000000000001,True,24.1
5030,STANHOPE BORO,60.0,15.9,GH,6.0,60.1,0.10000000000000142,True,19.9
5035,STERLING HIGH SCHOOL DIST,35.333333333333336,32.5,DE,4.0,41.7,6.366666666666667,True,38.3
5040,STILLWATER TWP,69.5,19.8,FG,5.0,56.7,-12.799999999999997,True,23.299999999999997
5060,STONE HARBOR BORO,67.0,0.0,FG,5.0,64.5,-2.5,True,15.5
5070,STOW CREEK TWP,49.5,28.4,CD,3.0,73.0,23.5,True,7.0
5080,STRATFORD BORO,64.16666666666667,33.3,DE,4.0,50.2,-13.966666666666669,True,29.799999999999997
5090,SUMMIT CITY,80.44444444444444,13.0,I,7.0,82.6,2.1555555555555515,False,-2.5999999999999943
5100,SUSSEX-WANTAGE REGIONAL,54.0,26.6,DE,4.0,36.4,-17.6,True,43.6
5120,SWEDESBORO-WOOLWICH,63.5,14.8,DE,4.0,63.2,-0.29999999999999716,True,16.799999999999997
5130,TABERNACLE TWP,47.833333333333336,12.9,GH,6.0,45.3,-2.5333333333333385,True,34.7
5150,TEANECK TWP,59.0,37.8,GH,6.0,50.6,-8.399999999999999,True,29.4
5160,TENAFLY BORO,79.11111111111111,2.1,I,7.0,81.3,2.188888888888883,False,-1.2999999999999972
5180,TEWKSBURY TWP,84.66666666666667,2.3,J,8.0,74.1,-10.566666666666677,True,5.900000000000006
5185,TINTON FALLS,70.33333333333333,17.7,GH,6.0,61.7,-8.633333333333326,True,18.299999999999997
5190,TOMS RIVER REGIONAL,53.666666666666664,26.7,DE,4.0,44.9,-8.766666666666666,True,35.1
5200,TOTOWA BORO,54.333333333333336,24.4,CD,3.0,53.1,-1.2333333333333343,True,26.9
5210,TRENTON CITY,19.88888888888889,84.7,A,1.0,10.0,-9.88888888888889,True,70.0
5220,TUCKERTON BORO,44.0,34.9,CD,3.0,33.6,-10.399999999999999,True,46.4
5230,UNION BEACH,59.666666666666664,32.8,CD,3.0,45.0,-14.666666666666664,True,35.0
5240,UNION CITY,54.111111111111114,87.0,A,1.0,58.1,3.988888888888887,True,21.9
5270,UNION TWP,76.33333333333333,2.9,GH,6.0,74.9,-1.433333333333323,True,5.099999999999994
5290,UNION TWP,54.55555555555556,33.0,DE,4.0,46.8,-7.75555555555556,True,33.2
5300,UPPER DEERFIELD TWP,35.166666666666664,55.1,B,2.0,30.2,-4.966666666666665,True,49.8
5310,UPPER FREEHOLD REGIONAL,61.77777777777778,7.5,GH,6.0,56.6,-5.177777777777777,True,23.4
5320,UPPER PITTSGROVE TWP,67.83333333333333,19.6,CD,3.0,58.9,-8.93333333333333,True,21.1
5330,UPPER SADDLE RIVER BORO,88.0,0.3,J,8.0,79.9,-8.099999999999994,True,0.09999999999999432
5340,UPPER TWP,70.5,12.4,FG,5.0,60.8,-9.700000000000003,True,19.200000000000003
5350,VENTNOR CITY,57.166666666666664,60.1,B,2.0,60.7,3.5333333333333385,True,19.299999999999997
5360,VERNON TWP,58.888888888888886,16.0,FG,5.0,48.0,-10.888888888888886,True,32.0
5370,VERONA BORO,65.33333333333333,0.0,I,7.0,66.2,0.8666666666666742,True,13.799999999999997
5390,VINELAND CITY,29.666666666666668,63.5,A,1.0,27.9,-1.7666666666666693,True,52.1
5400,VOORHEES TWP,74.33333333333333,11.9,I,7.0,70.2,-4.133333333333326,True,9.799999999999997
5410,WALDWICK BORO,61.333333333333336,0.0,GH,6.0,72.1,10.766666666666659,True,7.900000000000006
5420,WALL TWP,62.44444444444444,11.8,GH,6.0,69.9,7.455555555555563,True,10.099999999999994
5430,WALLINGTON BORO,55.666666666666664,27.6,B,2.0,57.0,1.3333333333333357,True,23.0
5435,WALLKILL VALLEY REGIONAL,40.0,15.0,DE,4.0,63.3,23.299999999999997,True,16.700000000000003
5440,WANAQUE BORO,70.16666666666667,18.8,DE,4.0,62.9,-7.266666666666673,True,17.1
5465,WARREN HILLS REGIONAL,53.4,17.3,FG,5.0,42.1,-11.299999999999997,True,37.9
5470,WARREN TWP,80.16666666666667,0.6,I,7.0,69.0,-11.166666666666671,True,11.0
5480,WASHINGTON BORO,54.5,35.7,DE,4.0,34.5,-20.0,True,45.5
5500,WASHINGTON TWP,45.666666666666664,20.9,FG,5.0,58.7,13.033333333333339,True,21.299999999999997
5510,ROBBINSVILLE TWP,67.77777777777777,4.4,I,7.0,64.8,-2.9777777777777743,True,15.200000000000003
5520,WASHINGTON TWP,74.5,3.3,I,7.0,71.0,-3.5,True,9.0
5530,WASHINGTON TWP,69.0,18.7,GH,6.0,46.6,-22.4,True,33.4
5540,WATCHUNG BORO,75.5,1.0,I,7.0,68.5,-7.0,True,11.5
5550,WATCHUNG HILLS REGIONAL,57.0,1.4,I,7.0,80.2,23.200000000000003,False,-0.20000000000000284
5560,WATERFORD TWP,47.0,27.4,DE,4.0,46.8,-0.20000000000000284,True,33.2
5570,WAYNE TWP,67.0,10.5,GH,6.0,69.3,2.299999999999997,True,10.700000000000003
5580,WEEHAWKEN TWP,51.333333333333336,36.1,CD,3.0,45.1,-6.233333333333334,True,34.9
5590,WENONAH BORO,75.75,3.9,I,7.0,60.2,-15.549999999999997,True,19.799999999999997
5610,WEST CAPE MAY BORO,51.0,26.5,DE,4.0,71.4,20.400000000000006,True,8.599999999999994
5620,WEST DEPTFORD TWP,53.0,25.5,DE,4.0,51.5,-1.5,True,28.5
5630,WEST ESSEX REGIONAL,62.8,3.4,I,7.0,75.3,12.5,True,4.700000000000003
5640,WEST LONG BRANCH BORO,71.16666666666667,12.0,FG,5.0,61.4,-9.766666666666673,True,18.6
5650,WEST MILFORD TWP,52.44444444444444,15.2,FG,5.0,49.8,-2.6444444444444457,True,30.200000000000003
5660,WEST MORRIS REGIONAL,76.0,0.9,I,7.0,85.5,9.5,False,-5.5
5670,WEST NEW YORK TOWN,42.888888888888886,81.7,A,1.0,41.9,-0.9888888888888872,True,38.1
5680,WEST ORANGE TOWN,57.333333333333336,41.5,GH,6.0,60.8,3.4666666666666615,True,19.200000000000003
5690,WOODLAND PARK,50.666666666666664,42.9,DE,4.0,41.2,-9.466666666666661,True,38.8
5715,W WINDSOR-PLAINSBORO REG,78.11111111111111,5.0,J,8.0,75.9,-2.2111111111111086,True,4.099999999999994
5720,WESTAMPTON,61.0,25.9,GH,6.0,46.4,-14.600000000000001,True,33.6
5730,WESTFIELD TOWN,75.66666666666667,2.1,I,7.0,77.4,1.7333333333333343,True,2.5999999999999943
5740,WESTVILLE BORO,52.0,56.8,B,2.0,26.8,-25.2,True,53.2
5755,WESTWOOD REGIONAL,69.33333333333333,7.8,GH,6.0,69.3,-0.03333333333333144,True,10.700000000000003
5760,WEYMOUTH TWP,51.333333333333336,55.8,B,2.0,50.5,-0.8333333333333357,True,29.5
5770,WHARTON BORO,49.333333333333336,51.8,DE,4.0,43.3,-6.0333333333333385,True,36.7
5780,WHITE TWP,64.83333333333333,14.1,DE,4.0,64.4,-0.4333333333333229,True,15.599999999999994
5790,WILDWOOD CITY,17.375,73.2,A,1.0,15.9,-1.4749999999999996,True,64.1
5800,WILDWOOD CREST BORO,51.5,28.9,B,2.0,37.5,-14.0,True,42.5
5805,WILLINGBORO TWP,27.0,63.4,DE,4.0,23.2,-3.8000000000000007,True,56.8
5810,WINFIELD TWP,55.6,23.1,B,2.0,58.2,2.6000000000000014,True,21.799999999999997
5820,WINSLOW TWP,37.0,54.9,CD,3.0,31.3,-5.699999999999999,True,48.7
5830,WOOD-RIDGE BORO,60.77777777777778,16.0,FG,5.0,61.3,0.5222222222222186,True,18.700000000000003
5840,WOODBINE BORO,43.5,98.0,A,1.0,22.0,-21.5,True,58.0
5850,WOODBRIDGE TWP,45.666666666666664,31.7,DE,4.0,40.5,-5.166666666666664,True,39.5
5860,WOODBURY CITY,32.333333333333336,62.2,B,2.0,29.0,-3.3333333333333357,True,51.0
5870,WOODBURY HEIGHTS BORO,49.0,19.7,FG,5.0,53.8,4.799999999999997,True,26.200000000000003
5880,WOODCLIFF LAKE BORO,85.0,0.4,J,8.0,85.5,0.5,False,-5.5
5890,WOODLAND TWP,42.666666666666664,22.2,DE,4.0,38.7,-3.9666666666666615,True,41.3
5900,WOODLYNNE BORO,36.5,87.5,B,2.0,38.4,1.8999999999999986,True,41.6
5910,WOODSTOWN-PILESGROVE REG,58.55555555555556,22.3,FG,5.0,65.4,6.8444444444444485,True,14.599999999999994
5920,WYCKOFF TWP,82.33333333333333,0.7,I,7.0,71.4,-10.933333333333323,True,8.599999999999994
